ProductID,productURL,Name,Description,ProductSKU,Price PL,Margin,Convert,Price UA,Price,ImageURL,InStock
50178411,https://www.ikea.com/pl/pl/p/laett-stolik-dzieciecy-i-2-krzesla-bialy-sosna-50178411/,IKEA LÄTT Дитячий стіл і 2 стільці білий/сосна,"<p>За допомогою цього столу та стільців ви легко створите для вашої дитини міцний куточок для творчості та рукоділля. Рамки виготовлені з масиву сосни та мають поверхню, покриту білою плівкою, яку легко витирати.</p><br> <strong> Інформація про Продукт</strong><br ><br>Їх невеликі розміри роблять їх особливо корисними в невеликих кімнатах або кімнатах.<br ><br><strong> Дизайнер</strong><br >IKEA зі Швеції<br><br><strong>Матеріали</strong><br >Основні частини:<br >Масив сосни<br >Стільниця / Сидіння:<br >ДВП, фольга<br >Догляд<br >Протріть вологою тканиною.<br><br><strong>Розміри</strong><br><br>Довжина столу :  63 см<br >Ширина столу :  48 см<br >Висота столу :  45 см<br >Ширина сидіння :  28 см<br >Глибина сидіння :  28 см<br >Висота сидіння :  28 см",501.784.11,129.0,1.3,7.5,0,1257.7500000000002,https://www.ikea.com/pl/pl/images/products/laett-stolik-dzieciecy-i-2-krzesla-bialy-sosna__0735856_pe740220_s5.jpg?f=s,True
60365346,https://www.ikea.com/pl/pl/p/mammut-krzeselko-dzieciece-do-wewnatrz-na-zewnatrz-niebieski-60365346/,"IKEA MAMMUT Стілець дитячий, кімнатний / відкритий / синій","<p>Міцні та легкі меблі MAMMUT легко витримають примхи погоди та навіть найзапекліші ігри. Чудово підходить для використання на відкритому повітрі та легко очищається, коли приходить час переходити всередину.</p><br> <strong> Інформація про Продукт</strong><br ><br>Предмет меблів легкий, але стійкий, і дитина може переносити його з кімнати в кімнату або в сад.<br >Виготовлений з нешкідливого пластику, того ж матеріалу, що використовується для виробництва дитячих пляшечок, одноразових підгузників і контейнерів для їжі.<br >Він також ідеально підходить для використання на вулиці, оскільки виготовлений із матеріалів, стійких до дощу, сонця, снігу та бруду.<br >Проста збірка - просто з'єднайте елементи одним клацанням.<br ><br><strong> Дизайнер</strong><br >M Kjelstrup / A Östgaard<br><br><strong>Матеріали</strong><br >Поліпропіленовий пластик<br >Догляд<br >Протріть вологою тканиною.<br >Wycierać czystą suchą tkaniną<br><br><strong>Розміри</strong><br><br>Ширина :  39 см<br >Глибина :  36 см<br >Висота :  67 см<br >Глибина сидіння :  26 см<br >Висота сидіння :  30 см",603.653.46,69.0,1.3,7.5,0,672.75,https://www.ikea.com/pl/pl/images/products/mammut-krzeselko-dzieciece-do-wewnatrz-na-zewnatrz-niebieski__0727922_pe735928_s5.jpg?f=s,True
50365177,https://www.ikea.com/pl/pl/p/mammut-stolik-dzieciecy-do-wewnatrz-na-zewnatrz-bialy-50365177/,"IKEA MAMMUT Стіл дитячий внутрішній/вуличний білий,","<p>Міцні та легкі меблі MAMMUT легко витримають примхи погоди та навіть найзапекліші ігри. Чудово підходить для використання на відкритому повітрі та легко очищається, коли приходить час переходити всередину.</p><br> <strong> Інформація про Продукт</strong><br ><br>Предмет меблів легкий, але стійкий, і дитина може переносити його з кімнати в кімнату або в сад.<br >Виготовлений з нешкідливого пластику, того ж матеріалу, що використовується для виробництва дитячих пляшечок, одноразових підгузників і контейнерів для їжі.<br >Він також ідеально підходить для використання на вулиці, оскільки виготовлений із матеріалів, стійких до дощу, сонця, снігу та бруду.<br >Проста збірка - просто з'єднайте елементи одним клацанням.<br ><br><strong> Дизайнер</strong><br >M Kjelstrup / A Östgaard<br><br><strong>Матеріали</strong><br >Поліпропіленовий пластик<br >Догляд<br >Протріть вологою тканиною.<br >Wycierać czystą suchą tkaniną<br><br><strong>Розміри</strong><br><br>Довжина :  77 см<br >Ширина :  55 см<br >Висота :  48 см",503.651.77,149.0,1.3,7.5,0,1452.7500000000002,https://www.ikea.com/pl/pl/images/products/mammut-stolik-dzieciecy-do-wewnatrz-na-zewnatrz-bialy__0735842_pe740215_s5.jpg?f=s,False
49390875,https://www.ikea.com/pl/pl/p/smastad-szafa-bialy-bialy-z-2-drazkami-na-ubrania-s49390875/,"IKEA SMÅSTAD Шафа, білий, білий / з 2 штангами для одягу,","<p>Dziecko może korzystać z tej szafy przez wiele lat, gdyż jest wystarczająco głęboka, aby pomieścić wieszaki dla dorosłych i ma wyposażenie, które można przestawiać w miarę jak dziecko rośnie.</p><br> <strong> Інформація про Продукт</strong><br ><br>У комплект входять регульовані ніжки, завдяки яким він стійко стоїть навіть на нерівній підлозі.<br >Щоб зберегти природні ресурси та максимально використати деревину, ми використовували відходи лісопиляння у виробництві ДСП для SMÅSTAD.<br><br><strong>Матеріали</strong><br >Корпус / полку<br >ДВП, паперова фольга, ДСП, стільниковий папір (100% перероблений)<br >двері<br >ДВП, акрилова фарба<br >Стрижень<br >сталь, епоксидне/поліефірне порошкове покриття<br >Samodomykające zawiasy<br >Zawias:<br >stal, pokryte miedzią<br >Urządzenie cicho zamykające:<br >tworzywo acetalowe<br >Haczyk i zacisk<br >stal, Epoksydowa/poliestrowa powłoka proszkowa, Epoksydowa/poliestrowa powłoka proszkowa<br >Noga regulowana<br >stal, Tworzywo polipropylenowe, galwanizowane<br><br><strong>Розміри</strong><br><br>Глибина :  42 см<br >Зріст :  181 см<br >Ширина :  60 см",493.908.75,575.0,1.3,7.5,0,5606.25,https://www.ikea.com/pl/pl/images/products/smastad-szafa-bialy-bialy-z-2-drazkami-na-ubrania__0925744_pe788857_s5.jpg?f=s,True
9328791,https://www.ikea.com/pl/pl/p/trofast-regal-z-pojemnikami-bialy-szary-s09328791/,"IKEA TROFAST Стелаж з ящиками, білий / сірий,","<p>Дітям потрібне місце для ігор - і гарне місце для зберігання іграшок, наприклад TROFAST - серія міцних дерев'яних рам і легких пластикових контейнерів, які дитина може легко висунути, пересунути і поставити назад.</p><br> <strong> Інформація про Продукт</strong><br ><br>Весела та довговічна серія меблів для зберігання та впорядкування іграшок, сидіння, ігор та відпочинку.<br >Каркас має серію пазів, тож ви можете вставляти ящики та полиці, куди завгодно, і змінювати їх положення в будь-який момент.<br >Низький предмет меблів з місцем для зберігання, підігнаним під зріст дитини. Дітям легше дістатися і прибрати свої речі.<br ><br><strong> Дизайнер</strong><br >Копенгагенська студія<br><br><strong>Матеріали</strong><br >рамка<br >Зносний шар:<br >ДСП, Паперова фольга, Пластикова кромка<br >Направляюча шухляда:<br >Поліпропіленовий пластик<br >Контейнер<br >Поліпропіленовий пластик<br >Догляд<br >Контейнер<br >Протріть вологою тканиною.<br >Протріть сухою тканиною.<br><br><strong>Розміри</strong><br><br>Ширина :  99 см<br >- Глибина :  44 см<br >Висота :  56 см",093.287.91,299.0,1.3,7.5,0,2915.25,https://www.ikea.com/pl/pl/images/products/trofast-regal-z-pojemnikami-bialy-szary__0807381_pe770402_s5.jpg?f=s,True
472702,https://www.ikea.com/pl/pl/p/bergig-regal-na-ksiazki-z-szuflada-bialy-00472702/,"IKEA BERGIG Книжкова шафа з ящиком, біла","<p>Книжкова шафа має дві відкриті полиці і місткий ящик для книг та іграшок. Все в невеликому просторі і на висоті, до якої дитина може самостійно дістатися - завдяки чому грати і прибирати стає легше.</p><br> <strong> Інформація про Продукт</strong><br ><br>У цій низькій книжковій шафі з місцем для зберігання ваша дитина може сама складати та діставати свої книжки та іграшки.<br >Багато дітей люблять читати, і їм легше швидко знайти улюблену книгу і схопити її, коли видно перші сторінки книг.<br >Шухляду можна легко відкрити за допомогою маленьких ручок, оскільки передня частина шухляди вища за нижню полицю, утворюючи вбудовану ручку.<br >Практичне зберігання в невеликому просторі з книжковою полицею вгорі та полицею та шухлядою внизу, де є місце для іграшок, ігор і навіть більше книг.<br >Для додаткової безпеки книжкова шафа має закруглені кути та скошені краї.<br><br><strong>Матеріали</strong><br >Стаціонарна полиця:<br >ДСП, паперова фольга<br >Szyna frontowa/ Przegroda/ Szyna nośna/ Dno szuflady:<br >Płyta pilśniowa, Folia papierowa<br >Panel boczny/ Panel górny/ Front szuflady:<br >Płyta wiórowa, Folia papierowa, Krawędź z tworzywa<br >Panel tylny:<br >Płyta pilśniowa, Farba akrylowa<br >Pielęgnacja<br >Przecierać czystą, wilgotną szmatką.<br >Wycierać czystą suchą tkaniną<br><br><strong>Розміри</strong><br><br>Ширина :  80 см<br >- Глибина :  43 см<br >Зріст :  101 см",004.727.02,499.0,1.3,7.5,0,4865.25,https://www.ikea.com/pl/pl/images/products/bergig-regal-na-ksiazki-z-szuflada-bialy__0844238_pe783371_s5.jpg?f=s,True
80153800,https://www.ikea.com/pl/pl/p/trofast-rama-bialy-80153800/,"IKEA TROFAST Рама біла,","<p>Ви можете легко перетворити цю широку білу раму на практичне рішення для зберігання, додавши полиці, різнокольорові пластикові коробки та прохолодні сітчасті ящики - ви навіть можете використовувати її як сидіння.</p><br> <strong> Інформація про Продукт</strong><br ><br>Весела та довговічна серія меблів для зберігання та впорядкування іграшок, сидіння, ігор та відпочинку.<br >Ви можете створити своє власне рішення для зберігання відповідно до інтер’єру та потреб вашої дитини, комбінуючи різні рами, ящики та полиці на свій розсуд.<br >Каркас має напрямні, тож ви можете вставляти ящики та полиці, де завгодно, і змінювати їх положення в будь-який момент.<br >Низький предмет меблів з місцем для зберігання, підігнаним під зріст дитини. Дітям легше дістатися і прибрати свої речі.<br ><br><strong> Дизайнер</strong><br >Копенгагенська студія<br><br><strong>Матеріали</strong><br >Зносний шар:<br >ДСП, Паперова фольга, Пластикова кромка<br >Направляюча шухляда:<br >Поліпропіленовий пластик<br >Pielęgnacja<br >Przecierać czystą, wilgotną szmatką.<br >Wycierać czystą suchą tkaniną<br><br><strong>Розміри</strong><br><br>Ширина :  99 см<br >- Глибина :  44 см<br >Висота :  56 см",801.538.00,194.0,1.3,7.5,0,1891.5,https://www.ikea.com/pl/pl/images/products/trofast-rama-bialy__0642668_pe701350_s5.jpg?f=s,True
59329378,https://www.ikea.com/pl/pl/p/trofast-regal-bialy-szary-s59329378/,"IKEA TROFAST Книжкова шафа, білий / сірий,","<p>Дітям потрібне місце для ігор - і гарне місце для зберігання іграшок, наприклад TROFAST - серія міцних дерев'яних рам і легких пластикових контейнерів, які дитина може легко висунути, пересунути і поставити назад.</p><br> <strong> Інформація про Продукт</strong><br ><br>Весела та довговічна серія меблів для зберігання та впорядкування іграшок, сидіння, ігор та відпочинку.<br >Каркас має напрямні, тож ви можете вставляти ящики та полиці, де завгодно, і змінювати їх положення в будь-який момент.<br >Низький предмет меблів з місцем для зберігання, підігнаним під зріст дитини. Дітям легше дістатися і прибрати свої речі.<br ><br><strong> Дизайнер</strong><br >Копенгагенська студія<br><br><strong>Матеріали</strong><br >рамка<br >ДСП, Паперова фольга, Пластикова кромка<br >Контейнер<br >Поліпропіленовий пластик<br >Догляд<br >Каркас / контейнер<br >Wycierać szmatką zwilżoną delikatnym środkiem do czyszczenia.<br >Wycierać czystą, suchą szmatką.<br><br><strong>Розміри</strong><br><br>Ширина :  99 см<br >- Глибина :  44 см<br >Висота :  94 см",593.293.78,419.0,1.3,7.5,0,4085.250000000001,https://www.ikea.com/pl/pl/images/products/trofast-regal-bialy-szary__0807589_pe770448_s5.jpg?f=s,True
80515873,https://www.ikea.com/pl/pl/p/trofast-taca-z-przegrodkami-szary-80515873/,"IKEA TROFAST Піднос з роздільниками, сірий,","<p>Цей практичний лоток для зберігання з роздільниками допоможе вашій дитині організувати та знайти дрібні предмети, такі як кольорові ручки, намистини, шнури та колекції. Ідеально поєднується з рамами TROFAST.</p><br> <strong> Інформація про Продукт</strong><br ><br>Роздільники підносів полегшують вашій дитині навчитися організовувати, стежити за порядком і знаходити дрібні предмети, такі як ручки, намистини, шнури, фігурки та колекції.<br >Практичний лоток для зберігання ідеально вписується в рами TROFAST, звідки його можна легко вийняти, перемістити та знову вставити.<br >Кілька лотків можна скласти один на одного.<br >Якщо ви хочете захистити вміст від пилу та бруду, ви можете доповнити кришкою TROFAST, яка продається окремо.<br ><br><strong> Дизайнер</strong><br >Генрік Прейц<br><br><strong>Матеріали</strong><br >Поліпропіленовий пластик<br >Догляд<br >Протріть сухою тканиною.<br >За потреби протріть м’якою тканиною, змоченою у воді та м’якому неабразивному мийному засобі або милі.<br><br><strong>Розміри</strong><br><br>Довжина :  42 см<br >Ширина :  30 см<br >Висота :  5 см",805.158.73,20.0,1.3,7.5,0,0.0,https://www.ikea.com/pl/pl/images/products/trofast-taca-z-przegrodkami-szary__1042387_pe841366_s5.jpg?f=s,True
10362963,https://www.ikea.com/pl/pl/p/slaekt-puf-materac-skladany-10362963/,IKEA SLÄKT Розкладний пуф/матрац,"<br> <strong> Інформація про Продукт</strong><br ><br><br><strong> Дизайнер</strong><br >Густав Карлберг<br><br><strong>Матеріали</strong><br >Тканина матраца / Тканина:<br >100% поліестер<br >Внутрішня тканина:<br >100% поліпропілен<br >Комфортний шар:<br >100% поліестер, пінополіуретан 30 кг / м3<br >Догляд<br >Машинне прання максимум 40 ° C, звичайна програма.<br >Не відбілювати.<br >Не сушити в пральній машині.<br >Праска, максимум 150 °C.<br >Не піддавайте хімчистці.<br><br><strong>Розміри</strong><br><br>Глибина в розкладеному вигляді :  48 см<br >Висота в складеному вигляді :  36 см<br >Довжина :  193 см<br >Ширина :  62 см<br >Товщина :  9 см",103.629.63,350.0,1.3,7.5,0,3412.5,https://www.ikea.com/pl/pl/images/products/slaekt-puf-materac-skladany__0636227_pe697740_s5.jpg?f=s,True
50298418,https://www.ikea.com/pl/pl/p/flisat-stolik-dzieciecy-50298418/,"IKEA FLISAT Дитячий стіл,","<p>Ми в IKEA любимо створювати продукти, які можна вміло використовувати разом. Тому контейнери TROFAST підходять під кришки столу. Ваша дитина може тримати іграшки під рукою - і швидко прибирати!</p><br> <strong> Інформація про Продукт</strong><br ><br>Дитячий стіл стане як практичним місцем для занять образотворчим мистецтвом, так і корисним рішенням для зберігання, якщо доповнити його ящиками TROFAST різних розмірів і кольорів.<br >Завдяки контейнерам для зберігання TROFAST під кришкою вашій дитині буде легше дотягнутися до своїх іграшок - і швидко їх прибрати!<br ><br><strong> Дизайнер</strong><br >С. Фагер / Дж. Карлссон<br><br><strong>Матеріали</strong><br >Стільниця / ніжка:<br >Масив сосни, тонований прозорим акриловим лаком<br >Обкладинка буфера обміну:<br >ДВП, Акрилова фарба, Прозорий акриловий лак<br >Догляд<br >Протріть вологою тканиною.<br >Wycierać czystą, suchą szmatką.<br><br><strong>Розміри</strong><br><br>Довжина :  83 см<br >Ширина :  58 см<br >Висота :  48 см",502.984.18,349.0,1.3,7.5,0,3402.75,https://www.ikea.com/pl/pl/images/products/flisat-stolik-dzieciecy__0735831_pe740206_s5.jpg?f=s,True
60265163,https://www.ikea.com/pl/pl/p/bolmen-stolek-ze-schodkiem-bialy-60265163/,"IKEA BOLMEN Табурет зі сходинкою, білий","<p>Цей стійкий нековзкий білий табурет підніме ваших дітей на одну сходинку вище, щоб вони могли брати участь і вчитися. Табурет також дозволений для використання дорослими, тому ви можете сміливо діставати предмети з верхньої полиці.</p><br> <strong> Інформація про Продукт</strong><br ><br>Стілець підходить як для дітей, так і для дорослих, оскільки він протестований і схвалений для навантаження до 100 кг.<br >Верхній запобіжник знижує ризик ковзання.<br >Табурет міцно стоїть на місці завдяки захисту від ковзання знизу.<br ><br><strong> Дизайнер</strong><br >К Хагберг / М Хагберг<br><br><strong>Матеріали</strong><br >Основний матеріал:<br >Поліпропіленовий пластик<br >Ніжки / ручка:<br >синтетичний каучук<br >Догляд<br >Протріть сухою тканиною.<br >За потреби протріть м’якою тканиною, змоченою у воді та м’якому неабразивному мийному засобі або милі.<br><br><strong>Розміри</strong><br><br>Ширина :  44 см<br >Глибина :  35 см<br >Висота сидіння :  25 см<br >Навантаження :  100 кг",602.651.63,29.99,1.3,7.5,0,292.40250000000003,https://www.ikea.com/pl/pl/images/products/bolmen-stolek-ze-schodkiem-bialy__0284761_pe421943_s5.jpg?f=s,True
40153699,https://www.ikea.com/pl/pl/p/kritter-krzeselko-dzieciece-bialy-40153699/,IKEA KRITTER Стільчик дитячий білий,"<p>Зручно сидіти, коли прийшов час читати, малювати або працювати над творами мистецтва та рукоділлям.</p><br> <strong> Інформація про Продукт</strong><br ><br>Якщо ви хочете створити невеликий куточок для ігор і читання, ви можете поєднати крісло з відповідним дитячим столиком KRITTER.<br ><br><strong> Дизайнер</strong><br >IKEA зі Швеції<br><br><strong>Матеріали</strong><br >Основні частини:<br >масив каучукового дерева, акрилова фарба<br >Назад:<br >міцний полістироловий матеріал<br >Сидіння:<br >ДВП, Акрилова фарба, Акрилова фарба<br >Догляд<br >Протріть вологою тканиною.<br >Витріть насухо чистою тканиною<br><br><strong>Розміри</strong><br><br>Ширина :  27 см<br >Глибина :  29 см<br >Висота :  53 см<br >Ширина сидіння :  27 см<br >Глибина сидіння :  29 см<br >Висота сидіння :  30 см",401.536.99,79.99,1.3,7.5,0,779.9024999999999,https://www.ikea.com/pl/pl/images/products/kritter-krzeselko-dzieciece-bialy__0727967_pe735971_s5.jpg?f=s,True
90365180,https://www.ikea.com/pl/pl/p/mammut-stolik-dzieciecy-do-wewnatrz-na-zewnatrz-niebieski-90365180/,"IKEA MAMMUT Стіл дитячий внутрішній / вуличний синій,","<p>Міцні та легкі меблі MAMMUT легко витримають примхи погоди та навіть найзапекліші ігри. Чудово підходить для використання на відкритому повітрі та легко очищається, коли приходить час переходити всередину.</p><br> <strong> Інформація про Продукт</strong><br ><br>Предмет меблів легкий, але стійкий, і дитина може переносити його з кімнати в кімнату або в сад.<br >Виготовлений з нешкідливого пластику, того ж матеріалу, що використовується для виробництва дитячих пляшечок, одноразових підгузників і контейнерів для їжі.<br >Він також ідеально підходить для використання на вулиці, оскільки виготовлений із матеріалів, стійких до дощу, сонця, снігу та бруду.<br >Проста збірка - просто з'єднайте елементи одним клацанням.<br ><br><strong> Дизайнер</strong><br >M Kjelstrup / A Östgaard<br><br><strong>Матеріали</strong><br >Поліпропіленовий пластик<br >Догляд<br >Протріть вологою тканиною.<br >Wycierać czystą suchą tkaniną<br><br><strong>Розміри</strong><br><br>Висота :  48 см<br >Діаметр :  85 см",903.651.80,179.0,1.3,7.5,0,1745.2500000000002,https://www.ikea.com/pl/pl/images/products/mammut-stolik-dzieciecy-do-wewnatrz-na-zewnatrz-niebieski__0735844_pe740211_s5.jpg?f=s,True
19102659,https://www.ikea.com/pl/pl/p/trofast-regal-z-pojemnikami-jasna-sosna-bejcowana-na-bialo-bialy-s19102659/,"IKEA TROFAST Книжкова шафа з ящиками, сосна біла морилка / біла,","<p>Дітям потрібне місце для ігор - і гарне місце для зберігання іграшок, наприклад TROFAST - серія міцних дерев'яних рам і легких пластикових контейнерів, які дитина може легко висунути, пересунути і поставити назад.</p><br> <strong> Інформація про Продукт</strong><br ><br>Весела та довговічна серія меблів для зберігання та впорядкування іграшок, сидіння, ігор та відпочинку.<br >Каркас має серію пазів, тож ви можете вставляти ящики та полиці, куди завгодно, і змінювати їх положення в будь-який момент.<br >Низький предмет меблів з місцем для зберігання, підігнаним під зріст дитини. Дітям легше дістатися і прибрати свої речі.<br ><br><strong> Дизайнер</strong><br >Копенгагенська студія<br><br><strong>Матеріали</strong><br >рамка<br >Масив сосни, тонований прозорим акриловим лаком<br >Контейнер<br >Поліпропіленовий пластик<br >Догляд<br >Протріть вологою тканиною.<br >Протріть сухою тканиною.<br><br><strong>Розміри</strong><br><br>Ширина :  93 см<br >- Глибина :  44 см<br >Висота :  52 см",191.026.59,499.0,1.3,7.5,0,4865.25,https://www.ikea.com/pl/pl/images/products/trofast-regal-z-pojemnikami-jasna-sosna-bejcowana-na-bialo-bialy__0351184_pe547497_s5.jpg?f=s,True
69428325,https://www.ikea.com/pl/pl/p/smastad-platsa-szafa-bialy-bialy-z-4-szufladami-s69428325/,"IKEA SMÅSTAD / PLATSA Шафа, білий, білий / з 4 ящиками,","<p>Дитина може використовувати цю шафу протягом багатьох років, оскільки вона досить глибока, щоб вмістити дорослі вішалки, і має аксесуари, які можна переміщати, коли дитина росте.</p><br> <strong> Інформація про Продукт</strong><br ><br>У комплект входять регульовані ніжки, завдяки яким він стійко стоїть навіть на нерівній підлозі.<br><br><strong>Матеріали</strong><br >Корпус / полку<br >ДВП, паперова фольга, ДСП, стільниковий папір (100% перероблений)<br >Двері/лицьова панель ящика<br >ДВП, акрилова фарба<br >Петлі, що самозакриваються<br >Петля:<br >сталь, плакована міддю<br >Urządzenie cicho zamykające:<br >tworzywo acetalowe<br >Szuflada<br >Bok szuflady/ Tył szuflady:<br >Płyta wiórowa, Folia plastikowa<br >Dno szuflady:<br >Płyta pilśniowa, Farba akrylowa<br >Haczyk i zacisk<br >stal, Epoksydowa/poliestrowa powłoka proszkowa, Epoksydowa/poliestrowa powłoka proszkowa<br >Noga regulowana<br >stal, Tworzywo polipropylenowe, galwanizowane<br >Regulowany drążek ubraniowy<br >Rurka:<br >stal, Epoksydowa/poliestrowa powłoka proszkowa<br >Połączenie:<br >Tworzywo polipropylenowe<br >Mocowanie hamujące:<br >guma syntetyczna<br >Szyna do zawieszania<br >stal, Epoksydowa/poliestrowa powłoka proszkowa<br><br><strong>Розміри</strong><br><br>- Глибина :  57 см<br >Зріст :  181 см<br >Ширина :  60 см",694.283.25,935.0,1.3,7.5,0,9116.25,https://www.ikea.com/pl/pl/images/products/smastad-platsa-szafa-bialy-bialy-z-4-szufladami__0925816_pe788905_s5.jpg?f=s,False
90469489,https://www.ikea.com/pl/pl/p/smussla-stolik-nocny-regal-bialy-90469489/,"IKEA SMUSSLA Тумбочка/книжкова шафа, білий","<p>Зібравши ніжки різними способами, ви можете відрегулювати висоту молодіжного ліжка, висувного ліжка, односпального ліжка або засунути його під стіл.</p><br> <strong> Інформація про Продукт</strong><br ><br>Тумбочка / полиця легко збирається.<br >Розміри тумбочки підходять для більшості ноутбуків.<br >На маленьку ручку ваша дитина зможе повісити навушники або все, що забажає під рукою.<br >Якщо вам потрібно багато місця в ящику замість кількох відділень, просто зніміть полицю.<br >Як завжди, перспектива та безпека дитини є нашим головним пріоритетом. Тому розміри кришки та ручки регулюються, щоб зменшити ризик травмування вашої дитини.<br ><br><strong> Дизайнер</strong><br >IKEA зі Швеції<br><br><strong>Матеріали</strong><br >ДСП, акрилова фарба<br >Догляд<br >Витріть насухо чистою тканиною<br><br><strong>Розміри</strong><br><br>Глибина :  32 см<br >Висота ніжок :  8 см<br >Висота в горизонтальному положенні :  43 см<br >Висота по вертикалі :  59 см<br >Ширина, горизонтальне положення :  51 см<br >Ширина по вертикалі :  35 см",904.694.89,179.0,1.3,7.5,0,1745.2500000000002,https://www.ikea.com/pl/pl/images/products/smussla-stolik-nocny-regal-bialy__0931281_pe791191_s5.jpg?f=s,True
464028,https://www.ikea.com/pl/pl/p/trofast-pojemnik-szary-00464028/,"IKEA TROFAST Контейнер, сірий,","<p>Ця темно-сіра коробка ідеально підходить для зберігання кубиків, м’яких тварин і книг. Він виготовлений із міцного пластику та підходить для рам TROFAST, але його також можна поставити один на одного на підлозі, якщо додати кришку.</p><br> <strong> Інформація про Продукт</strong><br ><br>Підходить до рам TROFAST.<br >Продукти можна складати один на одного.<br><br><strong>Матеріали</strong><br >Поліпропіленовий пластик<br >Догляд<br >Протріть вологою тканиною.<br >Протріть сухою тканиною.<br><br><strong>Розміри</strong><br><br>Ширина :  42 см<br >Глибина :  30 см<br >Висота :  23 см",004.640.28,20.0,1.3,7.5,0,0.0,https://www.ikea.com/pl/pl/images/products/trofast-pojemnik-szary__0807030_pe770214_s5.jpg?f=s,True
60357737,https://www.ikea.com/pl/pl/p/utter-stolik-dzieciecy-do-wewnatrz-na-zewnatrz-bialy-60357737/,IKEA UTTER Стіл дитячий кімнатний / вуличний / білий,"<p>Предмет меблів легкий, але стійкий, і дитина може переносити його з кімнати в кімнату або в сад.</p><br> <strong> Інформація про Продукт</strong><br ><br>Він також ідеально підходить для використання на вулиці, оскільки виготовлений із матеріалів, стійких до дощу, сонця, снігу та бруду.<br >Легка збірка без інструментів і гвинтів.<br >Предмети можна скласти, щоб займати менше місця, коли вони не використовуються.<br ><br><strong> Дизайнер</strong><br >К Хагберг / М Хагберг<br><br><strong>Матеріали</strong><br >Армований поліпропіленовий пластик<br >Догляд<br >За потреби протріть м’якою тканиною, змоченою у воді та м’якому неабразивному мийному засобі або милі.<br><br><strong>Розміри</strong><br><br>Довжина :  58 см<br >Ширина :  42 см<br >Висота :  43 см",603.577.37,79.99,1.3,7.5,0,779.9024999999999,https://www.ikea.com/pl/pl/images/products/utter-stolik-dzieciecy-do-wewnatrz-na-zewnatrz-bialy__0735850_pe740210_s5.jpg?f=s,True
20273594,https://www.ikea.com/pl/pl/p/flisat-biurko-dla-dziecka-regulowane-20273594/,"IKEA FLISAT Дитяча парта, регульована","<p>Три різні висоти, стільниця, що нахиляється, і тримач рулону паперу для малювання MÅLA. Цей стіл так само хороший як для саморобки, так і для виконання домашніх завдань. Можна сказати, що воно зростає разом із завданням. Схожий на вашу дитину.</p><br> <strong> Інформація про Продукт</strong><br ><br>Стіл можна встановити на трьох рівнях, тому його можна використовувати для виконання домашньої або художньої роботи протягом багатьох років.<br >Стільницю можна нахиляти, щоб дитина могла змінювати положення під час роботи.<br >Канавка запобігає ковзанню кулькових ручок та інших дрібних предметів під час нахилу столу.<br >Ваша дитина завжди може мати під рукою папір для малювання, тому що парта має тримач, який підходить для рулону паперу для малювання MÅLA.<br >Якщо вам потрібен додатковий простір для зберігання, ви можете додати ящики TROFAST, які відповідають планкам під столом.<br ><br><strong> Дизайнер</strong><br >С. Фагер / Дж. Карлссон<br><br>Materiały<br >Podstawa:<br >Lita sosna, Barwione bezbarwnym lakierem akrylowym<br >Panel górny:<br >Płyta pilśniowa, Farba akrylowa<br >Pielęgnacja<br >Wycierać szmatką zwilżoną delikatnym środkiem do czyszczenia.<br >Wycierać czystą, suchą szmatką.<br><br><strong>Розміри</strong><br><br>Ширина :  92 см<br >- Глибина :  67 см<br >Мінімальна висота :  53 см<br >Максимальна висота :  72 см","202 735,94",449.0,1.3,7.5,0,4377.75,https://www.ikea.com/pl/pl/images/products/flisat-biurko-dla-dziecka-regulowane__0735857_pe740222_s5.jpg?f=s,True
10519501,https://www.ikea.com/pl/pl/p/pahl-nadstawka-do-biurka-bialy-10519501/,"IKEA PÅHL Настільна надставка, біла,","<p>Ця біла верхня полиця збільшує стіл PÅHL у висоту. Легко встановлюється та пропонує багато місця для книг, швидкозшивачів або предметів, які ви хочете виставити.</p><br> <strong> Інформація про Продукт</strong><br ><br>Настільна полиця дозволяє легко зберігати та виставляти все: від ручок і паперу до книг та іграшок.<br ><br><strong> Дизайнер</strong><br >S Fager / J Jelinek<br><br><strong>Матеріали</strong><br >Основні частини:<br >ДСП, друкована акрилова фарба, пластик АБС<br >Регульована полиця:<br >ДСП, ДВП, друкована акрилова фарба, АБС-пластик<br >Задня панель:<br >ДВП, фольга<br >Догляд<br >Протріть м’яким мильним розчином<br >Протріть сухою тканиною.<br><br><strong>Розміри</strong><br><br>Ширина :  64 см<br >Глибина :  17 см<br >Висота :  60 см",105.195.01,100.0,1.3,7.5,0,975.0,https://www.ikea.com/pl/pl/images/products/pahl-nadstawka-do-biurka-bialy__0727235_pe735561_s5.jpg?f=s,True
10269696,https://www.ikea.com/pl/pl/p/sundvik-szafa-bialy-10269696/,"IKEA SUNDVIK Шафа біла,","<p>Вічний стиль, міцні матеріали та вишукані деталі. Шафа також досить глибока, щоб вмістити великі вішалки, тож вона може супроводжувати вашу дитину від перших повзунків до повноліття.</p><br> <strong> Інформація про Продукт</strong><br ><br>Двері мають вбудовану заслінку, яка гарантує безшумне закривання.<br >Досить глибоко для стандартних вішалок для дорослих.<br ><br><strong> Дизайнер</strong><br >Йон Карлссон<br><br><strong>Матеріали</strong><br >Основний матеріал / Бічна рама / Фронтальна частина ящика:<br >Масив сосни, морилка, прозорий акриловий лак<br >Каркас/задня панель:<br >ДВП, фольга паперова<br >двері:<br >Масив сосни, Масив сосни, Морилка, Прозорий акриловий лак<br >Сторона шухляди / Задня шухляда:<br >ДСП, поліетиленова плівка<br >Дно ящика:<br >ДВП, друк акриловою фарбою<br >Panel dolny:<br >Płyta pilśniowa<br >Mocowanie hamujące/ Drążek na wieszaki:<br >Lita sosna<br >Część górna:<br >Lita sosna, Bezbarwny lakier akrylowy, Bejca<br >Półka:<br >Lita sosna, Bezbarwny lakier akrylowy<br >Pielęgnacja<br >Przecierać czystą, wilgotną szmatką.<br >Wycierać czystą suchą tkaniną<br><br><strong>Розміри</strong><br><br>Ширина :  80 см<br >- Глибина :  50 см<br >Зріст :  171 см<br >Вільна висота під меблями :  18 см","102 696,96",999.0,1.3,7.5,0,9740.25,https://www.ikea.com/pl/pl/images/products/sundvik-szafa-bialy__0626568_pe692872_s5.jpg?f=s,True
40365371,https://www.ikea.com/pl/pl/p/mammut-krzeselko-dzieciece-do-wewnatrz-na-zewnatrz-bialy-40365371/,"IKEA MAMMUT Дитяче крісло, кімнатне / вуличне / біле","<p>Міцні та легкі меблі MAMMUT легко витримають примхи погоди та навіть найзапекліші ігри. Чудово підходить для використання на відкритому повітрі та легко очищається, коли приходить час переходити всередину.</p><br> <strong> Інформація про Продукт</strong><br ><br>Предмет меблів легкий, але стійкий, і дитина може переносити його з кімнати в кімнату або в сад.<br >Виготовлений з нешкідливого пластику, того ж матеріалу, що використовується для виробництва дитячих пляшечок, одноразових підгузників і контейнерів для їжі.<br >Він також ідеально підходить для використання на вулиці, оскільки виготовлений із матеріалів, стійких до дощу, сонця, снігу та бруду.<br >Проста збірка - просто з'єднайте елементи одним клацанням.<br ><br><strong> Дизайнер</strong><br >M Kjelstrup / A Östgaard<br><br><strong>Матеріали</strong><br >Поліпропіленовий пластик<br >Догляд<br >Протріть вологою тканиною.<br >Wycierać czystą suchą tkaniną<br><br><strong>Розміри</strong><br><br>Ширина :  39 см<br >Глибина :  36 см<br >Висота :  67 см<br >Глибина сидіння :  26 см<br >Висота сидіння :  30 см",403.653.71,69.0,1.3,7.5,0,672.75,https://www.ikea.com/pl/pl/images/products/mammut-krzeselko-dzieciece-do-wewnatrz-na-zewnatrz-bialy__0727925_pe735934_s5.jpg?f=s,False
79330470,https://www.ikea.com/pl/pl/p/trofast-regal-z-pojemnikami-bialy-szary-s79330470/,"IKEA TROFAST Стелаж з ящиками, білий / сірий,","<p>Дітям потрібне місце для ігор - і гарне місце для зберігання іграшок, наприклад TROFAST - серія міцних дерев'яних рам і легких пластикових контейнерів, які дитина може легко висунути, пересунути і поставити назад.</p><br> <strong> Інформація про Продукт</strong><br ><br>Весела та довговічна серія меблів для зберігання та впорядкування іграшок.<br >Каркас має напрямні, тож ви можете вставляти ящики та полиці, де завгодно, і змінювати їх положення в будь-який момент.<br >Низький предмет меблів з місцем для зберігання, підігнаним під зріст дитини. Дітям легше дістатися і прибрати свої речі.<br ><br><strong> Дизайнер</strong><br >Копенгагенська студія<br><br><strong>Матеріали</strong><br >рамка<br >Зносний шар:<br >ДСП, Паперова фольга, Пластиковий бортик, Пластиковий бортик, Пластиковий бордюр, Пластиковий бордюр<br >Направляюча шухляда:<br >Tworzywo polipropylenowe<br >Pojemnik<br >Tworzywo polipropylenowe<br >Pielęgnacja<br >Pojemnik<br >Wycierać szmatką zwilżoną delikatnym środkiem do czyszczenia.<br >Wycierać czystą, suchą szmatką.<br><br><strong>Розміри</strong><br><br>Ширина :  46 см<br >Глибина :  30 см<br >Висота :  94 см","793 304,70",209.0,1.3,7.5,0,2037.75,https://www.ikea.com/pl/pl/images/products/trofast-regal-z-pojemnikami-bialy-szary__0807935_pe770607_s5.jpg?f=s,True
50422494,https://www.ikea.com/pl/pl/p/godishus-szafa-bialy-50422494/,"IKEA GODISHUS Шафа, білий,","<p>Ця містка шафа має і вішалку для одягу, і полиці. Він також настільки глибокий, що ви можете повісити вішалки для одягу для дорослих - ідеально, коли ваша дитина підросте.</p><br> <strong> Інформація про Продукт</strong><br ><br>Полицю та вішалку для одягу можна розташувати двома різними способами: рейку вгорі та полицю внизу або обидва разом у верхній частині шафи.<br >Досить глибоко для стандартних вішалок для дорослих.<br >Барвисті наклейки, що входять у комплект, дозволять вам швидко позначити двері по-своєму.<br >Ви також можете писати на наклейці крейдою, щоб запам’ятати, де що знаходиться.<br><br><strong>Матеріали</strong><br >Бічна панель / Нижня панель / Верхня панель / Полиця:<br >ДСП, Пластикова окантовка, Меламінова плівка<br >Задня панель:<br >ДВП, акрилова фарба<br >двері:<br >Płyta wiórowa, folia melaminowa, Krawędź z tworzywa<br >Pielęgnacja<br >Przecierać czystą, wilgotną szmatką.<br >Wycierać czystą suchą tkaniną<br><br><strong>Розміри</strong><br><br>Ширина :  60 см<br >- Глибина :  51 см<br >Зріст :  178 см",504.224.94,399.0,1.3,7.5,0,3890.250000000001,https://www.ikea.com/pl/pl/images/products/godishus-szafa-bialy__0721180_pe735622_s5.jpg?f=s,True
80382321,https://www.ikea.com/pl/pl/p/mammut-krzeselko-dzieciece-do-wewnatrz-na-zewnatrz-rozowy-80382321/,"IKEA MAMMUT Дитяче крісло, кімнатне / вуличне / рожеве","<p>Міцні та легкі меблі MAMMUT легко витримають примхи погоди та навіть найзапекліші ігри. Чудово підходить для використання на відкритому повітрі та легко очищається, коли приходить час переходити всередину.</p><br> <strong> Інформація про Продукт</strong><br ><br>Предмет меблів легкий, але стійкий, і дитина може переносити його з кімнати в кімнату або в сад.<br >Виготовлений з нешкідливого пластику, того ж матеріалу, що використовується для виробництва дитячих пляшечок, одноразових підгузників і контейнерів для їжі.<br >Він також ідеально підходить для використання на вулиці, оскільки виготовлений із матеріалів, стійких до дощу, сонця, снігу та бруду.<br >Проста збірка - просто з'єднайте елементи одним клацанням.<br ><br><strong> Дизайнер</strong><br >M Kjelstrup / A Östgaard<br><br><strong>Матеріали</strong><br >Поліпропіленовий пластик<br >Догляд<br >Протріть вологою тканиною.<br >Wycierać czystą suchą tkaniną<br><br><strong>Розміри</strong><br><br>Ширина :  39 см<br >Глибина :  36 см<br >Висота :  67 см<br >Глибина сидіння :  26 см<br >Висота сидіння :  30 см",803.823.21,69.0,1.3,7.5,0,672.75,https://www.ikea.com/pl/pl/images/products/mammut-krzeselko-dzieciece-do-wewnatrz-na-zewnatrz-rozowy__0727923_pe735930_s5.jpg?f=s,True
40201737,https://www.ikea.com/pl/pl/p/sundvik-biurko-dla-dziecka-bialy-40201737/,"IKEA SUNDVIK Стіл дитячий, білий,","<p>Маленькі предмети меблів легко створять для вашої дитини затишний художній куточок. Саме для цього була створена дитяча парта СУНДВІК. Саме потрібного розміру, зберігання під кришкою - і ідеально підходить до крісла SUNDVIK.</p><br> <strong> Інформація про Продукт</strong><br ><br>Стіл, який легко вписується в невеликий простір і ідеально підходить для малювання, читання або розвитку хобі.<br >Регульована кришка запобігає випадковому падінню кришки та травмуванню мізинців чи рук.<br >Місце для зберігання під підйомним столом, з великим відділенням для документів формату А3 і меншим відділенням для ручок і олівців.<br ><br><strong> Дизайнер</strong><br >Єва Шильдт<br><br><strong>Матеріали</strong><br >база:<br >Масив сосни, прозорий акриловий лак<br >Внизу:<br >ДВП, прозорий акриловий лак<br >Догляд<br >Протріть вологою тканиною.<br><br><strong>Розміри</strong><br><br>Довжина :  60 см<br >Ширина :  45 см<br >Висота :  55 см",402.017.37,299.0,1.3,7.5,0,2915.25,https://www.ikea.com/pl/pl/images/products/sundvik-biurko-dla-dziecka-bialy__0735858_pe740221_s5.jpg?f=s,True
30472499,https://www.ikea.com/pl/pl/p/dundra-stolik-z-miejscem-do-przechowywania-bialy-szary-30472499/,"IKEA DUNDRA Стіл з місцем для зберігання, білий / сірий","<p>Гра з потягами та машинами, будівництво, малювання чи саморобка - цей стіл схожий на чисте полотно, де ваша дитина вирішує, що вона хоче робити. А коли веселощі закінчаться, все може зникнути в ящику.</p><br> <strong> Інформація про Продукт</strong><br ><br>Одна або кілька дітей можуть грати самостійно на цьому великому довгому столі, тому що на ньому все доступно.<br >Надзвичайно міцна ламінована поверхня витримає як творчих художників, невтомних будівельників⎼, так і подальше прибирання.<br >Усі сторони однаково красиві, тому ви можете поставити стіл у центр, і ваша дитина зможе грати з обох боків.<br >Край навколо стільниці трохи вище, щоб речі не падали.<br >Велика шухляда має 2 відділення ⎼ це дозволяє легко впорядкувати вміст.<br ><br><strong> Дизайнер</strong><br >IKEA зі Швеції<br><br><strong>Матеріали</strong><br >Стільниця:<br >ДСП, Ламінат, Ламінат, Пластикова кромка<br >Бічна панель / Задня панель / Перегородка / Нижня панель / Передня панель ящика:<br >ДСП, Паперова фольга, Пластикова кромка<br >Dno szuflady:<br >Płyta pilśniowa, Folia papierowa<br >Pielęgnacja<br >Przecierać czystą, wilgotną szmatką.<br >Wycierać czystą suchą tkaniną<br><br><strong>Розміри</strong><br><br>Ширина :  119 см<br >- Глибина :  57 см<br >Висота :  52 см",304.724.99,499.0,1.3,7.5,0,4865.25,https://www.ikea.com/pl/pl/images/products/dundra-stolik-z-miejscem-do-przechowywania-bialy-szary__0938734_pe794259_s5.jpg?f=s,False
10480061,https://www.ikea.com/pl/pl/p/strandmon-fotelik-dzieciecy-ebbetorp-turkusowy-10480061/,IKEA STRANDMON Дитяче сидіння Ebbetorp бірюзовий,"<p>Діти відчувають себе дуже важливими, коли можуть робити те, що роблять їхні батьки. Саме тому ми створили мініатюрну дитячу версію нашого улюбленого крісла STRANDMON. Тепер ви і ваша дитина можете сидіти поруч і подарувати собі блаженний відпочинок.</p><br> <strong> Інформація про Продукт</strong><br ><br>Діти менші і сидять не так, як дорослі. Вони люблять рухатися і можуть раптово перетворити ваше крісло в безлюдний острів або космічну ракету. Тому замість вільної подушки, як у дорослому варіанті, ми зробили фіксоване сидіння.<br ><br><strong> Дизайнер</strong><br >IKEA зі Швеції<br><br><strong>Матеріали</strong><br >Тканина:<br >300% бавовна<br >Тканина:<br >100% бавовна<br >Каркас сидіння:<br >ДСП, фанера, нетканий поліпропілен, картон<br >Подушка сидіння:<br >Пінополіуретан 30 кг / м3, поліефірна вата<br >Задня рама:<br >ДВП, фанера, масив дерева<br >Подушка спинки:<br >Пінополіуретан 20 кг / м3, поліефірна вата<br >Каркас спинки:<br >ДСП, Фанера, Картон, Масив дерева, Поліетилен<br >Подушка спинки:<br >Пінополіуретан 25 кг / м3, поліефірна вата<br >Materiał elastyczny na część tylną:<br >50% polipropylen, 50% kauczuk<br >Noga:<br >lity buk, Bezbarwny lakier akrylowy<br >Pielęgnacja<br >Rama, niezdejmowane pokrycie<br >Czyścić środkiem do mebli tapicerowanych<br >Odkurzać.<br><br><strong>Розміри</strong><br><br>Ширина :  56 см<br >- Глибина :  62 см<br >Висота :  71 см<br >Ширина сидіння :  44 см<br >Глибина сидіння :  41 см<br >Висота сидіння :  28 см",104.800.61,599.0,1.3,7.5,0,5840.25,https://www.ikea.com/pl/pl/images/products/strandmon-fotelik-dzieciecy-ebbetorp-turkusowy__0961639_pe807690_s5.jpg?f=s,False
39429091,https://www.ikea.com/pl/pl/p/smastad-szafa-z-elementem-wysuwanym-bialy-bladoturkusowy-z-drazkiem-na-ubrania-s39429091/,"IKEA SMÅSTAD Шафа з висувним елементом, білий ніжно-бірюзовий / зі штангою для одягу,","<p>Ми розробили цю шафу-купе з точки зору дитини. Тут вони все бачать і тягнуться до свого одягу та речей з двох сторін - навіть менші діти або ті, хто зайнятий більш важливими справами.</p><br> <strong> Інформація про Продукт</strong><br ><br>Щоб ви та ваша дитина не наражалися на гострі краї, всі кути дверей SMÅSTAD злегка закруглені.<br >Гачки всередині та зовні полегшують розвішування одягу, рюкзаків та інших речей, які інакше залишилися б купою на підлозі.<br >У нижній частині висувного бардачка є контейнер для всіх речей, які потрібно швидко прибрати.<br >Верхня шафа має 1 вішалку для одягу - чим старша дитина, тим більше одягу вона може самостійно організувати.<br><br><strong>Матеріали</strong><br >Висувна система зберігання<br >Верхня панель / Бічна панель / Фіксована полиця:<br >ДСП та ДВП із стільниковим наповненням (100% перероблений папір), паперова фольга, паперова фольга, пластикова окантовка<br >Нижня панель:<br >ДСП та ДВП із стільниковим наповненням (100% перероблений папір), паперова фольга, пластикова окантовка<br >Задня панель:<br >ДВП, поліетиленова плівка<br >Фронт ящика:<br >ДВП, акрилова фарба<br >Tył szuflady/ Boki szuflady/ Dno szuflady/ Części pozostałe:<br >Płyta wiórowa, folia melaminowa, Krawędź z tworzywa<br >Drzwi<br >Płyta pilśniowa, Farba akrylowa<br >Haczyk na drążek ubraniowy/ haczyk i zacisk<br >stal, Epoksydowa/poliestrowa powłoka proszkowa, Epoksydowa/poliestrowa powłoka proszkowa<br >Samodomykające zawiasy<br >Zawias:<br >stal, pokryte miedzią<br >Urządzenie cicho zamykające:<br >tworzywo acetalowe<br >Regulowany drążek ubraniowy<br >Rurka:<br >stal, Epoksydowa/poliestrowa powłoka proszkowa<br >Połączenie:<br >Tworzywo polipropylenowe<br >Mocowanie hamujące:<br >guma syntetyczna<br >Szyna do zawieszania<br >stal, Epoksydowa/poliestrowa powłoka proszkowa<br><br><strong>Розміри</strong><br><br>Ширина :  60 см<br >- Глибина :  57 см<br >Зріст :  196 см",394.290.91,780.0,1.3,7.5,0,7605.0,https://www.ikea.com/pl/pl/images/products/smastad-szafa-z-elementem-wysuwanym-bialy-bladoturkusowy-z-drazkiem-na-ubrania__0922184_pe788060_s5.jpg?f=s,False
40153859,https://www.ikea.com/pl/pl/p/kritter-stolik-dzieciecy-bialy-40153859/,"IKEA KRITTER Стіл дитячий, білий,","<p>Цей стіл призначений для ручної роботи, складання головоломок, ігор тощо – наодинці чи з друзями. Можна поєднати з дитячим стільцем KRITTER, щоб створити невеликий куточок для гри та читання.</p><br> <strong> Інформація про Продукт</strong><br ><br>Їх невеликі розміри роблять їх особливо корисними в невеликих кімнатах або кімнатах.<br ><br><strong> Дизайнер</strong><br >IKEA зі Швеції<br><br><strong>Матеріали</strong><br >база:<br >масив каучукового дерева, акрилова фарба<br >Стільниця:<br >ДВП, Акрилова фарба, Акрилова фарба<br >Догляд<br >Протріть вологою тканиною.<br >Витріть насухо чистою тканиною<br><br><strong>Розміри</strong><br><br>Довжина :  59 см<br >Ширина :  50 см<br >Висота :  50 см",401.538.59,149.0,1.3,7.5,0,1452.7500000000002,https://www.ikea.com/pl/pl/images/products/kritter-stolik-dzieciecy-bialy__0735837_pe740208_s5.jpg?f=s,True
481198,https://www.ikea.com/pl/pl/p/baenkkamrat-poduszka-na-lawke-turkusowy-00481198/,"IKEA BÄNKKAMRAT Подушка для лавки, бірюза,","<p>Перетворює лавку на м’яку зручну зону для відпочинку та ідеально підходить до лавки SMÅSTAD.</p><br> <strong> Інформація про Продукт</strong><br ><br>4 подушки для лавки також можна розмістити під двостороннім ліжком KURA, щоб створити м’який і затишний куточок для читання.<br >Кришка легко знімається для прання, оскільки вона застібається на блискавку.<br >Наповнювач з поліестеру зберігає форму і забезпечує ніжну підтримку тілу малюка.<br >Він міцно тримається на місці, оскільки має нековзку поверхню під ним.<br ><br><strong> Дизайнер</strong><br >Дженніфер Ідрізі<br><br><strong>Матеріали</strong><br >Зовнішня тканина:<br >52% поліестер (мін. 80% перероблений), 48% бавовна<br >Тканина, спинка:<br >100% поліпропілен, силіконова гума<br >ZIP:<br >100% поліестер<br >начинка:<br >100% поліестер (мінімум 50% перероблений)<br >Догляд<br >Наволочка<br >Машинне прання максимум 40 ° C, звичайна програма.<br >Не відбілювати.<br >Не сушити в пральній машині.<br >Праска максимум 110 °C.<br >Nie prać chemicznie.<br><br><strong>Розміри</strong><br><br>Довжина :  90 см<br >Ширина :  50 см<br >Товщина :  3 см",004.811.98,50.0,1.3,7.5,0,487.5,https://www.ikea.com/pl/pl/images/products/baenkkamrat-poduszka-na-lawke-turkusowy__0830878_pe777721_s5.jpg?f=s,True
10407136,https://www.ikea.com/pl/pl/p/ikea-ps-loemsk-fotel-obrotowy-bialy-czerwony-10407136/,"IKEA IKEA PS LÖMSK Стілець поворотний, білий/червоний","<p>Якщо закрити кришку, крісло перетворюється на потаємну схованку для дитини</p><br> <strong> Інформація про Продукт</strong><br ><br>Тканина пропускає світло, тому під капюшоном ніколи не буває повністю темно.<br >Обертання навколо себе розвиває вашу здатність утримувати рівновагу<br >Для більшого комфорту можна додати подушку або килимок.<br ><br><strong> Дизайнер</strong><br >Моніка Малдер<br><br><strong>Матеріали</strong><br >Тканина:<br >100% поліестер<br >Пластикове кріплення:<br >Посилений поліамідний пластик<br >Ковшове сидіння / сидіння / базова кришка:<br >Поліпропіленовий пластик<br >база:<br >сталь, епоксидне/поліефірне порошкове покриття<br >Догляд<br >Ручне прання при макс.40°C.<br >Не відбілювати.<br >Не сушити в пральній машині.<br >Не прасувати.<br >Не піддавайте хімчистці.<br >Przecierać łagodnym środkiem myjącym<br><br><strong>Розміри</strong><br><br>Ширина :  59 см<br >- Глибина :  62 см<br >Висота :  75 см<br >Загальна висота :  82 см<br >Висота сидіння :  17 см","104 071,36",349.0,1.3,7.5,0,3402.75,https://www.ikea.com/pl/pl/images/products/ikea-ps-loemsk-fotel-obrotowy-bialy-czerwony__0726690_pe735385_s5.jpg?f=s,True
99390316,https://www.ikea.com/pl/pl/p/smastad-szafa-bialy-bialy-s99390316/,"IKEA SMÅSTAD Шафа, білий / білий,","<p>У комплект входять регульовані ніжки, завдяки яким він стійко стоїть навіть на нерівній підлозі.</p><br> <strong> Інформація про Продукт</strong><br ><br>Щоб зберегти природні ресурси та максимально використати деревину, ми використовували відходи лісопиляння у виробництві ДСП для SMÅSTAD.<br><br><strong>Матеріали</strong><br >Корпус / полку<br >ДВП, паперова фольга, ДСП, стільниковий папір (100% перероблений)<br >Двері/стільниця модуля зберігання<br >ДВП, акрилова фарба<br >Стрижень<br >сталь, епоксидне/поліефірне порошкове покриття<br >Петлі, що самозакриваються<br >Петля:<br >stal, pokryte miedzią<br >Urządzenie cicho zamykające:<br >tworzywo acetalowe<br >Haczyk i zacisk<br >stal, Epoksydowa/poliestrowa powłoka proszkowa, Epoksydowa/poliestrowa powłoka proszkowa<br >Noga regulowana<br >stal, Tworzywo polipropylenowe, galwanizowane<br >Pielęgnacja<br >Obudowa/drążek/półka/noga regulowana<br >Wycierać szmatką zwilżoną delikatnym środkiem do czyszczenia.<br >Wycierać czystą, suchą szmatką.<br><br><strong>Розміри</strong><br><br>Глибина :  42 см<br >Зріст :  123 см<br >Ширина :  60 см","993 903,16",464.0,1.3,7.5,0,4524.0,https://www.ikea.com/pl/pl/images/products/smastad-szafa-bialy-bialy__0922429_pe788173_s5.jpg?f=s,True
492795,https://www.ikea.com/pl/pl/p/laerande-biurko-z-wysuwana-szafka-bialy-00492795/,"IKEA LÄRANDE Письмовий стіл з висувною шафою, білий,","<p>Цей міцний письмовий стіл із висувною шафою пропонує багато розумних функцій, багато місця для зберігання та разом із серіями SMÅSTAD, SLÄKT та ÖVNING створює дитячу кімнату, яка є водночас веселою та функціональною.</p><br> <strong> Інформація про Продукт</strong><br ><br>І стіл, і висувна шафа досить міцні, щоб утримувати важкі книги та інші предмети, які зазвичай опиняються навколо столу.<br >Висувна шафа має 3 яруси з полицями, на яких достатньо місця для книг, папок формату А4 або будь-чого, що потрібно заховати.<br >Висота столу становить 74, що є найбільш прийнятним згідно з дослідженнями ергономіки. Якщо вам потрібно відрегулювати положення дитячого сидіння, ви можете підняти або опустити стілець.<br >Поверхня столу повинна витримувати багато. Тому ця лакована поверхня надзвичайно довговічна.<br >На столі достатньо простору, щоб розмістити аксесуари серій ÖVNING і MÖJLIGHET (продаються окремо) і монітор.<br >Усі кути плавно закруглені, щоб не наражати вас і вашу дитину на гострі краї.<br >Висувну шафу можна встановити зліва або справа від столу.<br >Якщо ваша дитина хоче покласти на стіл список справ або фотографії, ви можете додати відповідну перфоровану дошку SKÅDIS, яку легко прикріпити до столу за допомогою роз’єму SKÅDIS або безпосередньо на стіні. Продається окремо.<br >На короткій стороні столу є металева рейка, на яку ви можете повісити речі, які вам потрібні під рукою, використовуючи гачки та затискачі LÄTTHET (2 шт.), продаються окремо.<br ><br><strong> Дизайнер</strong><br >Йоганна Єлінек<br><br>Materiały<br >Blat:<br >Płyta wiórowa i płyta pilśniowa z wypełnieniem plaster miodu (100% papier z recyklingu), Farba akrylowa, Farba akrylowa, Krawędź z tworzywa<br >Panel boczny/ Panel dolny/ Panel tylny/ Tył szuflady/ Bok szuflady/ Części pozostałe:<br >Płyta wiórowa, folia melaminowa, Krawędź z tworzywa<br >Front szuflady:<br >Płyta pilśniowa, Farba akrylowa<br >Dno szuflady:<br >Płyta wiórowa, folia melaminowa<br >NOTRANS/ Szyna tylna/ Szyna górna/ Połączenie nóg:<br >stal, Epoksydowa/poliestrowa powłoka proszkowa<br >Spód:<br >Płyta pilśniowa, Folia papierowa, Farba akrylowa<br >Pielęgnacja<br >Wycierać szmatką zwilżoną delikatnym środkiem do czyszczenia.<br >Wycierać czystą, suchą szmatką.<br><br><strong>Розміри</strong><br><br>Ширина :  120 см<br >- Глибина :  58 см<br >Висота :  74 см<br >Вільна висота під столом :  72 см",004.927.95,499.0,1.3,7.5,0,4865.25,https://www.ikea.com/pl/pl/images/products/laerande-biurko-z-wysuwana-szafka-bialy__1041737_pe841136_s5.jpg?f=s,True
19389152,https://www.ikea.com/pl/pl/p/smastad-lawka-z-pojemnikiem-na-zabawki-bialy-bialy-s19389152/,"IKEA SMÅSTAD Лавка з контейнером для іграшок, білий / білий,","<p>Po całym dniu zabawy w domu zabawki są wszędzie. Ta ławka zpomieści je wszystkie - po prostu otwórz pudełko i odłóż zabawaki. Łatwe sprzątanie zarówno dla dorosłych, jak i dzieci.</p><br> <strong> Інформація про Продукт</strong><br ><br>У коробці достатньо місця для таких великих предметів, як м’ячі тварини та м’ячі, що ідеально підходить для швидкого прибирання.<br >У комплект входять регульовані ніжки, завдяки яким він стійко стоїть навіть на нерівній підлозі.<br >Щоб зберегти природні ресурси та максимально використати деревину, ми використовували відходи лісопиляння у виробництві ДСП для SMÅSTAD.<br><br><strong>Матеріали</strong><br >Лава<br >Верхня панель:<br >ДСП і ДВП із стільниковим наповненням (100% перероблений папір), Паперова фольга, Пластикова окантовка, Паперова фольга<br >Бічна панель:<br >ДСП, Паперова фольга, Пластиковий бордюр, Паперова фольга<br >Задня панель:<br >ДСП, Паперова фольга, Пластикова кромка<br >Коробка<br >Фронт ящика:<br >ДВП, акрилова фарба<br >Сторона шухляди / Задня шухляда:<br >ДСП, меламінова плівка<br >Залізниця:<br >Біверборд<br><br><strong>Розміри</strong><br><br>- Глибина :  52 см<br >Висота :  48 см<br >Ширина :  90 см",193.891.52,349.0,1.3,7.5,0,3402.75,https://www.ikea.com/pl/pl/images/products/smastad-lawka-z-pojemnikiem-na-zabawki-bialy-bialy__0918197_pe786134_s5.jpg?f=s,True
89329372,https://www.ikea.com/pl/pl/p/trofast-regal-jasna-sosna-bejcowana-na-bialo-szary-s89329372/,"IKEA TROFAST Книжкова шафа, сосна біла морилка / сірий,","<p>Дітям потрібне місце для ігор - і гарне місце для зберігання іграшок, наприклад TROFAST - серія міцних дерев'яних рам і легких пластикових контейнерів, які дитина може легко висунути, пересунути і поставити назад.</p><br> <strong> Інформація про Продукт</strong><br ><br>Весела та довговічна серія меблів для зберігання та впорядкування іграшок, сидіння, ігор та відпочинку.<br >Каркас має серію пазів, тож ви можете вставляти ящики та полиці, куди завгодно, і змінювати їх положення в будь-який момент.<br >Низький предмет меблів з місцем для зберігання, підігнаним під зріст дитини. Дітям легше дістатися і прибрати свої речі.<br ><br><strong> Дизайнер</strong><br >Копенгагенська студія<br><br><strong>Матеріали</strong><br >рамка<br >Масив сосни, тонований прозорим акриловим лаком<br >Контейнер<br >Поліпропіленовий пластик<br >Догляд<br >Контейнер<br >Протріть вологою тканиною.<br >Wycierać czystą, suchą szmatką.<br><br><strong>Розміри</strong><br><br>Ширина :  94 см<br >- Глибина :  44 см<br >Висота :  91 см",893.293.72,549.0,1.3,7.5,0,5352.75,https://www.ikea.com/pl/pl/images/products/trofast-regal-jasna-sosna-bejcowana-na-bialo-szary__0807471_pe770423_s5.jpg?f=s,True
10501884,https://www.ikea.com/pl/pl/p/oerfjaell-dzieciece-krzeslo-biurowe-bialy-vissle-jasnoszary-10501884/,"IKEA ÖRFJÄLL Дитяче письмове крісло, білий / Vissle світло-сірий","<p>Офісне крісло з гарно оббитим сидінням і спинкою, на яку можна спертися.</p><br> <strong> Інформація про Продукт</strong><br ><br>Дитина може легко змінити положення сидіння, поставивши ноги на основу стільця, злегка покрутивши стілець або пересуваючи стілець на коліщатках.<br >Тримайте крісло в чистоті, регулярно очищаючи його пилососом і протираючи злегка вологою тканиною.<br ><br><strong> Дизайнер</strong><br >S Holmbäck / U Nordentoft<br><br><strong>Матеріали</strong><br >Каркас сидіння та спинки:<br >Сталь, Епоксидне/поліефірне порошкове покриття, Клеєний шпон<br >Подушка сидіння:<br >нетканий поліпропілен<br >Наповнення, спинка / Поролон, сидіння:<br >Пінополіуретан 35 кг / м3<br >Верхня пластина / Основа у формі зірки / Основа у формі зірки:<br >сталь, епоксидне/поліефірне порошкове покриття<br >Розсувна колонка:<br >поліамідний пластик, ацеталь пластик<br >Pokrycie/ Nakładki rurki:<br >Tworzywo polipropylenowe<br >Tkanina:<br >100 % poliester<br >Pielęgnacja<br >Odkurzać.<br >Wycierać czystą, suchą szmatką.<br >Czyścić miękką szmatką zwilżoną w wodzie.<br><br><strong>Розміри</strong><br><br>- Глибина :  53 см<br >Максимальна висота :  83 см<br >Максимальна висота сидіння :  49 см<br >Мінімальна висота сидіння :  38 см<br >Глибина сидіння :  34 см<br >Ширина сидіння :  39 см<br >Випробувано :  110 кг<br >Ширина :  53 см",105.018.84,199.0,1.3,7.5,0,1940.25,https://www.ikea.com/pl/pl/images/products/oerfjaell-dzieciece-krzeslo-biurowe-bialy-vissle-jasnoszary__0977960_pe813958_s5.jpg?f=s,False
59337670,https://www.ikea.com/pl/pl/p/loberget-sibben-dzieciece-krzeslo-biurowe-bialy-s59337670/,"IKEA LOBERGET / SIBBEN Дитяче письмове крісло, біле","<p>Незалежно від того, робите ви домашнє завдання чи малюєте, вашій дитині зручно розташуватися на цьому міцному стільці. Висоту легко регулювати, а сучасний простий дизайн підходить до всього.</p><br> <strong> Інформація про Продукт</strong><br ><br>Дитяче офісне крісло з регулюванням висоти, яке можна повернути на потрібну висоту.<br >Регульована висота сидіння забезпечує комфортне положення.<br><br><strong>Матеріали</strong><br >Молодіжне крісло<br >Поліпропіленовий пластик<br >Каркас дитячого крісла, поворотний<br >Основа / Маточина у формі зірки / Ніжка у формі зірки:<br >сталь, епоксидне/поліефірне порошкове покриття<br >Розсувна колонка:<br >поліамідний пластик, ацеталь пластик, сталь, оцинкована, епоксидне/поліефірне порошкове покриття<br >Кришка трубки / кришки:<br >Поліпропіленовий пластик<br >Догляд<br >Siedzisko krzesła młodzieżowego/rama krzesła dziecięcego, obrotowa<br >Czyścić miękką szmatką zwilżoną w wodzie.<br><br><strong>Розміри</strong><br><br>Випробувано :  110 кг<br >Ширина :  56 см<br >Глибина :  56 см<br >Максимальна висота :  75 см<br >Ширина сидіння :  31 см<br >Глибина сидіння :  32 см<br >Мінімальна висота сидіння :  38 см<br >Максимальна висота сидіння :  49 см","593 376,70",99.0,1.3,7.5,0,965.25,https://www.ikea.com/pl/pl/images/products/loberget-sibben-dzieciece-krzeslo-biurowe-bialy__0826517_pe776395_s5.jpg?f=s,True
60196358,https://www.ikea.com/pl/pl/p/sundvik-krzeselko-dzieciece-bialy-60196358/,IKEA SUNDVIK Стільчик дитячий білий,"<p>За допомогою невеликих меблів можна легко створити затишний ігровий куточок. На стільці СУНДВІК зручно сидіти під час малювання або рукоділля - воно ідеально поєднується з дитячим столиком цієї ж серії.</p><br> <strong> Інформація про Продукт</strong><br ><br>Ідеальний розмір для невеликої попи, у ньому зручно сидіти, коли прийшов час читати, малювати або займатися мистецтвом і рукоділлям.<br >Якщо ви хочете створити невеликий куточок для гри та читання, ви можете поєднати крісло з відповідним дитячим столиком SUNDVIK.<br ><br><strong> Дизайнер</strong><br >IKEA зі Швеції<br><br><strong>Матеріали</strong><br >Масив сосни, морилка, прозорий акриловий лак<br >Догляд<br >Протріть вологою тканиною.<br><br><strong>Розміри</strong><br><br>Ширина :  28 см<br >Глибина :  29 см<br >Висота :  55 см<br >Ширина сидіння :  28 см<br >Глибина сидіння :  26 см<br >Висота сидіння :  29 см",601.963.58,99.99,1.3,7.5,0,974.9025,https://www.ikea.com/pl/pl/images/products/sundvik-krzeselko-dzieciece-bialy__0727928_pe735932_s5.jpg?f=s,True
165213,https://www.ikea.com/pl/pl/p/urban-krzeslo-dzieciece-bialy-00165213/,"IKEA URBAN Стільчик дитячий, білий","<p>Дитині зручно сидіти за столом</p><br> <strong> Інформація про Продукт</strong><br ><br>Легко чистити.<br >Предмети можна скласти, щоб займати менше місця, коли вони не використовуються.<br ><br><strong> Дизайнер</strong><br >Карл Оєрстам<br><br><strong>Матеріали</strong><br >Поліпропіленовий пластик, Армований поліпропіленовий пластик<br >Догляд<br >Протріть м’яким мильним розчином<br >Витріть насухо чистою тканиною<br><br><strong>Розміри</strong><br><br>Ширина :  45 см<br >- Глибина :  48 см<br >Висота :  79 см<br >Ширина сидіння :  32 см<br >Глибина сидіння :  28 см<br >Висота сидіння :  53 см",001.652.13,199.0,1.3,7.5,0,1940.25,https://www.ikea.com/pl/pl/images/products/urban-krzeslo-dzieciece-bialy__0727935_pe735948_s5.jpg?f=s,True
10201673,https://www.ikea.com/pl/pl/p/sundvik-stolik-dzieciecy-bialy-10201673/,"IKEA SUNDVIK Стіл дитячий, білий,","<p>Їх невеликі розміри роблять їх особливо корисними в невеликих кімнатах або кімнатах.</p><br> <strong> Інформація про Продукт</strong><br ><br><br><strong> Дизайнер</strong><br >IKEA зі Швеції<br><br><strong>Матеріали</strong><br >Масив сосни, морилка, прозорий акриловий лак<br >Догляд<br >Протріть тканиною, змоченою м’яким миючим засобом.<br><br><strong>Розміри</strong><br><br>Довжина :  76 см<br >Ширина :  50 см<br >Висота :  50 см",102.016.73,199.0,1.3,7.5,0,1940.25,https://www.ikea.com/pl/pl/images/products/sundvik-stolik-dzieciecy-bialy__0735849_pe740214_s5.jpg?f=s,True
80290779,https://www.ikea.com/pl/pl/p/flisat-lawka-dziecieca-regulowane-80290779/,"IKEA FLISAT Дитяча лавка, регульована","<p>Коли ваша дитина підросте, ви можете підняти сидіння, і оскільки воно виготовлено з міцного масиву сосни, воно прослужить багато років для читання, ігор і роботи. Ідеально підходить до столу FLISAT.</p><br> <strong> Інформація про Продукт</strong><br ><br>Лавку можна використовувати як сидіння протягом багатьох років, оскільки вона має три рівні висоти<br ><br><strong> Дизайнер</strong><br >Сара Фагер<br><br><strong>Матеріали</strong><br >Зносний шар / ніжка:<br >Масив сосни, тонований прозорим акриловим лаком<br >Сидіння:<br >ДВП, акрилова фарба<br >Догляд<br >Протріть тканиною, змоченою м’яким миючим засобом.<br >Протріть сухою тканиною.<br><br><strong>Розміри</strong><br><br>Ширина :  55 см<br >Глибина :  38 см<br >Висота :  45 см<br >Мінімальна висота :  32 см<br >Максимальна висота :  45 см<br >Ширина сидіння :  48 см<br >Глибина сидіння :  29 см<br >Висота сидіння :  32 см",802.907.79,159.0,1.3,7.5,0,1550.2500000000002,https://www.ikea.com/pl/pl/images/products/flisat-lawka-dziecieca-regulowane__0728031_pe736021_s5.jpg?f=s,True
60365167,https://www.ikea.com/pl/pl/p/mammut-stolik-dzieciecy-do-wewnatrz-na-zewnatrz-czerwony-60365167/,"IKEA MAMMUT Стіл дитячий внутрішній/вуличний червоний,","<p>Міцні та легкі меблі MAMMUT легко витримають примхи погоди та навіть найзапекліші ігри. Чудово підходить для використання на відкритому повітрі та легко очищається, коли приходить час переходити всередину.</p><br> <strong> Інформація про Продукт</strong><br ><br>Предмет меблів легкий, але стійкий, і дитина може переносити його з кімнати в кімнату або в сад.<br >Виготовлений з нешкідливого пластику, того ж матеріалу, що використовується для виробництва дитячих пляшечок, одноразових підгузників і контейнерів для їжі.<br >Він також ідеально підходить для використання на вулиці, оскільки виготовлений із матеріалів, стійких до дощу, сонця, снігу та бруду.<br >Проста збірка - просто з'єднайте елементи одним клацанням.<br ><br><strong> Дизайнер</strong><br >M Kjelstrup / A Östgaard<br><br><strong>Матеріали</strong><br >Поліпропіленовий пластик<br >Догляд<br >Протріть тканиною, змоченою м’яким миючим засобом.<br >Wycierać czystą suchą tkaniną<br><br><strong>Розміри</strong><br><br>Довжина :  77 см<br >Ширина :  55 см<br >Висота :  48 см",603.651.67,149.0,1.3,7.5,0,1452.7500000000002,https://www.ikea.com/pl/pl/images/products/mammut-stolik-dzieciecy-do-wewnatrz-na-zewnatrz-czerwony__0735839_pe740209_s5.jpg?f=s,False
30213076,https://www.ikea.com/pl/pl/p/micke-biurko-bialy-30213076/,"IKEA MICKE Письмовий стіл, білий,","<p>Компактний і простий предмет меблів, який поміститься будь-де. Ви можете комбінувати його з іншими столами або ящиками MICKE, щоб збільшити своє робоче місце. Розумний дизайн на задній панелі приховує заплутані кабелі.</p><br> <strong> Інформація про Продукт</strong><br ><br>Ви можете зручно сховати розетки та кабелі, але мати до них доступ завдяки кабельному виходу на задній панелі.<br >Ніжки можна встановити праворуч або ліворуч, залежно від вашого простору та уподобань.<br >Висувні ящики запобігають надто далекому витягуванню ящика.<br >Письмовий стіл має акуратно оброблену спинку, тому його можна розмістити в будь-якому місці кімнати.<br >Збільшити робочу поверхню можна за рахунок комбінування столів і комодів. Всі столи та комоди MICKE мають однакову висоту.<br ><br><strong> Дизайнер</strong><br >Генрік Прейц<br><br><strong>Матеріали</strong><br >Верхня панель / Бічна панель / Нижня панель:<br >ДСП, ДСП і ДВП з стільниковим наповнювачем (100% перероблений папір), ДВП, Акрилова фарба, Пластикова окантовка, Пластикова окантовка<br >Опорна нога:<br >Płyta wiórowa i płyta pilśniowa z wypełnieniem plaster miodu (100% papier z recyklingu), Płyta pilśniowa, Farba akrylowa, Krawędź z tworzywa, Krawędź z tworzywa<br >Przewód rozdzielający/ Szyna tylna/ Półka/ Przód:<br >Płyta wiórowa, Folia papierowa, Krawędź z tworzywa, Krawędź z tworzywa<br >Bok szuflady/ Tył szuflady:<br >Folia papierowa<br >Dno szuflady:<br >Płyta pilśniowa, Farba akrylowa<br >Noga:<br >stal, Epoksydowa/poliestrowa powłoka proszkowa<br >Pielęgnacja<br >Przecierać czystą, wilgotną szmatką.<br >Regularnie sprawdzaj, czy wszystkie połączenia montażowe są odpowiednio dokręcone i dokręć je w razie potrzeby.<br><br><strong>Розміри</strong><br><br>Ширина :  73 см<br >Глибина :  50 см<br >Висота :  75 см<br >Навантаження :  50 кг",302.130.76,249.0,1.3,7.5,0,2427.75,https://www.ikea.com/pl/pl/images/products/micke-biurko-bialy__0736022_pe740349_s5.jpg?f=s,True
89428310,https://www.ikea.com/pl/pl/p/smastad-platsa-szafa-bialy-bialy-z-3-szufladami-s89428310/,"IKEA SMÅSTAD / PLATSA Шафа, білий, білий / з 3 ящиками,","<p>Дитина може використовувати цю шафу протягом багатьох років, оскільки вона досить глибока, щоб вмістити дорослі вішалки, і має аксесуари, які можна переміщати, коли дитина росте.</p><br> <strong> </strong><br ><br><br><br><strong>Матеріали</strong><br >Корпус / полку<br >ДВП, паперова фольга, ДСП, стільниковий папір (100% перероблений)<br >Двері/лицьова панель ящика<br >ДВП, акрилова фарба<br >Висувна рейка для кошиків<br >Основні частини:<br >сталь, епоксидне/поліефірне порошкове покриття<br >Коло:<br >ацетальний матеріал<br >Samodomykające zawiasy<br >Zawias:<br >stal, pokryte miedzią<br >Urządzenie cicho zamykające:<br >tworzywo acetalowe<br >Kosz/ szyna do zawieszania<br >stal, Epoksydowa/poliestrowa powłoka proszkowa<br >Szuflada<br >Bok szuflady/ Tył szuflady:<br >Płyta wiórowa, Folia plastikowa<br >Dno szuflady:<br >Płyta pilśniowa, Farba akrylowa<br >Haczyk i zacisk<br >stal, Epoksydowa/poliestrowa powłoka proszkowa, Epoksydowa/poliestrowa powłoka proszkowa<br >Noga regulowana<br >stal, Tworzywo polipropylenowe, galwanizowane<br >Regulowany drążek ubraniowy<br >Rurka:<br >stal, Epoksydowa/poliestrowa powłoka proszkowa<br >Połączenie:<br >Tworzywo polipropylenowe<br >Mocowanie hamujące:<br >guma syntetyczna<br><br><strong>Розміри</strong><br><br>- Глибина :  57 см<br >Зріст :  181 см<br >Ширина :  60 см",894.283.10,900.0,1.3,7.5,0,8775.0,https://www.ikea.com/pl/pl/images/products/smastad-platsa-szafa-bialy-bialy-z-3-szufladami__0925776_pe788879_s5.jpg?f=s,False
80534876,https://www.ikea.com/pl/pl/p/hoevlig-namiot-dzieciecy-80534876/,IKEA HÖVLIG Дитячий намет,"<p>Діти люблять будувати намети та створювати власні затишні куточки та щілини, де вони можуть сховатися, пограти та відпочити. Якщо вам пощастить, можливо, ви зможете приєднатися до пригоди або запросити вас на затишні моменти.</p><br> <strong> Інформація про Продукт</strong><br ><br>Великий намет із достатньо місця для годин обіймів, веселощів, пригод і занурення у світ фантазії.<br >Оскільки грати весело будь-де в домі, намет має стильний вигляд із м’якими кольорами, які пасуватимуть до будь-якої кімнати.<br ><br><strong> Дизайнер</strong><br >Стіна Ланнеског<br><br><strong>Матеріали</strong><br >Тканина:<br >100% поліестер (мін. 90% перероблений)<br >Рама:<br >тверда акація, віск<br >Соска:<br >Поліпропіленовий пластик<br >Догляд<br >Ручне прання при макс.40°C.<br >Не відбілювати.<br >Не сушити в пральній машині.<br >Праска максимум 110 °C.<br >Не піддавайте хімчистці.<br><br><strong>Розміри</strong><br><br>Довжина :  120 см<br >Ширина :  120 см<br >Зріст :  164 см",805.348.76,139.0,1.3,7.5,0,1355.2500000000002,https://www.ikea.com/pl/pl/images/products/hoevlig-namiot-dzieciecy__1061897_pe850586_s5.jpg?f=s,True
89417585,https://www.ikea.com/pl/pl/p/poaeng-fotelik-dzieciecy-okl-brzoz-medskog-wzor-w-dinozaury-s89417585/,"IKEA POÄNG Дитяче сидіння, березовий шпон / Medskog з малюнком динозавра","<p>Діти почуваються особливими та важливими, коли можуть робити те саме, що й дорослі. Ось чому ми створили мініатюрну версію нашого улюбленого крісла POÄNG. Тепер ви можете сидіти і відпочивати разом - пліч-о-пліч.</p><br> <strong> Інформація про Продукт</strong><br ><br>Ідеальне крісло для дітей, які люблять динозаврів. Вони можуть м’яко й зручно сидіти на ньому, коли хочуть почитати чи відпочити, безпечно оточені величезними доісторичними тваринами всіх кольорів і розмірів.<br >Ваша дитина буде насолоджуватися зручною підтримкою як для спини, так і для плечей, оскільки дизайн адаптований для маленьких дітей.<br >Крісло легке і дитина легко зможе його пересувати самостійно.<br >Легко підтримувати в чистоті, оскільки чохол знімається і його можна прати в машині.<br><br><strong>Матеріали</strong><br >Каркас для дитячого крісла<br >Тканина для перенесення:<br >100% поліетилен<br >Оздоблення тканини:<br >65% поліестер, 35% бавовна<br >Застібка на липучці:<br >100% нейлон<br >Каркас підлокітника / Каркас:<br >Шпон клеєний, Шпон березовий, Прозорий акриловий лак<br >Rama siedziska:<br >stal, Barwiony lakier proszkowy epoksydowo/poliestrowy<br >Poduszka na fotel dziecięcy<br >Tkanina wierzchnia/ Tkanina wykończeniowa:<br >100% bawełna<br >Tkanina, tył:<br >100 % poliester<br >Wypełnienie:<br >100% poliester (min. 60% z recyklingu)<br >Pielęgnacja<br >Niezdejmowane pokrycie<br >Rama fotela dziecięcego<br >Przecierać czystą, wilgotną szmatką.<br >Poduszka<br >Poduszka na fotel dziecięcy<br >Prać w pralce maks. 40°C program normalny.<br >Nie wybielać.<br >Nie suszyć w suszarce bębnowej.<br >Prasować, maks. 150°C.<br >Nie prać chemicznie.<br >Rama<br >Rama fotela dziecięcego<br >Przecierać łagodnym środkiem myjącym<br >Wycierać czystą, suchą szmatką.<br><br><strong>Розміри</strong><br><br>Ширина :  47 см<br >Глибина :  56 см<br >Висота :  68 см<br >Ширина сидіння :  38 см<br >Глибина сидіння :  36 см<br >Висота сидіння :  24 см",894.175.85,249.0,1.3,7.5,0,2427.75,https://www.ikea.com/pl/pl/images/products/poaeng-fotelik-dzieciecy-okl-brzoz-medskog-wzor-w-dinozaury__0971808_pe811452_s5.jpg?f=s,True
20305707,https://www.ikea.com/pl/pl/p/busunge-szafa-bialy-20305707/,"IKEA BUSUNGE Шафа, білий,","<p>Для любителів білого кольору - містка шафа з місцем для взуття, складених светрів і розвішаного одягу. І штанга для одягу, і полиці регулюються відповідно до зростання дитини.</p><br> <strong> Інформація про Продукт</strong><br ><br>Висоту штанги для одягу і полиць можна регулювати по мірі росту дитини.<br >Завдяки вбудованій заслінці двері зачиняються повільно, тихо і м'яко.<br >Вирізані ручки покриті прозорим пластиком, тому вони не збирають пил і бруд, але все одно видно, що всередині.<br >Шафа має м'яко закруглені краї та приховану фурнітуру.<br >Досить глибоко для стандартних вішалок для дорослих.<br ><br><strong> Дизайнер</strong><br >Карл Еєрстам<br><br>Materiały<br >Panel górny/ Półka ruchoma:<br >Płyta wiórowa, Wypełnienie z papieru o strukturze plastra miodu (100% z recyklingu), Płyta pilśniowa, Farba akrylowa, Krawędź z tworzywa<br >Panel boczny:<br >Płyta pilśniowa, Płyta wiórowa, Wypełnienie z papieru o strukturze plastra miodu (100% z recyklingu), Płyta pilśniowa, Folia plastikowa, Krawędź z tworzywa<br >Panel dolny:<br >Płyta wiórowa, Wypełnienie z papieru o strukturze plastra miodu (100% z recyklingu), Płyta pilśniowa, Krawędź z tworzywa, Farba akrylowa, Krawędź z tworzywa<br >Drzwi:<br >Płyta wiórowa, Farba akrylowa, Krawędź z tworzywa<br >Tył:<br >Płyta wiórowa, Folia plastikowa, Folia papierowa<br >Pielęgnacja<br >Przecierać czystą, wilgotną szmatką.<br >Wycierać czystą suchą tkaniną<br><br><strong>Розміри</strong><br><br>Ширина :  80 см<br >- Глибина :  52 см<br >Зріст :  139 см",203.057.07,599.0,1.3,7.5,0,5840.25,https://www.ikea.com/pl/pl/images/products/busunge-szafa-bialy__0642649_pe701364_s5.jpg?f=s,True
50171122,https://www.ikea.com/pl/pl/p/trofast-szafka-scienna-bialy-50171122/,"IKEA TROFAST Навісна шафа, білий,","<p>Ви можете легко перетворити цю широку білу соснову раму на практичне рішення для зберігання, додавши кольорові пластикові коробки та прохолодні сітчасті коробки.</p><br> <strong> Інформація про Продукт</strong><br ><br>Весела та довговічна серія меблів для зберігання та впорядкування іграшок.<br >Практичне зберігання дрібниць.<br ><br><strong> Дизайнер</strong><br >Копенгагенська студія<br><br><strong>Матеріали</strong><br >Зносний шар:<br >ДСП, паперова фольга<br >Направляюча шухляда:<br >Поліпропіленовий пластик<br >Догляд<br >Протріть вологою тканиною.<br >Витріть насухо чистою тканиною<br><br><strong>Розміри</strong><br><br>Ширина :  99 см<br >Глибина :  21 см<br >Висота :  30 см",501.711.22,139.0,1.3,7.5,0,1355.2500000000002,https://www.ikea.com/pl/pl/images/products/trofast-szafka-scienna-bialy__0642804_pe701445_s5.jpg?f=s,True
50365361,https://www.ikea.com/pl/pl/p/mammut-stolek-dzieciecy-do-wewnatrz-na-zewnatrz-pomaranczowy-50365361/,"IKEA MAMMUT Стільчик дитячий, всередину/назовні/ помаранчевий","<p>Міцні та легкі меблі MAMMUT легко витримають примхи погоди та навіть найзапекліші ігри. Чудово підходить для використання на відкритому повітрі та легко очищається, коли приходить час переходити всередину.</p><br> <strong> Інформація про Продукт</strong><br ><br>Предмет меблів легкий, але стійкий, і дитина може переносити його з кімнати в кімнату або в сад.<br >Виготовлений з нешкідливого пластику, того ж матеріалу, що використовується для виробництва дитячих пляшечок, одноразових підгузників і контейнерів для їжі.<br >Він також ідеально підходить для використання на вулиці, оскільки виготовлений із матеріалів, стійких до дощу, сонця, снігу та бруду.<br >Проста збірка - просто з'єднайте елементи одним клацанням.<br ><br><strong> Дизайнер</strong><br >M Kjelstrup / A Östgaard<br><br><strong>Матеріали</strong><br >Поліпропіленовий пластик<br >Догляд<br >Протріть тканиною, змоченою м’яким миючим засобом.<br >Wycierać czystą suchą tkaniną<br><br><strong>Розміри</strong><br><br>Діаметр сидіння :  30 см<br >Ширина :  35 см<br >Висота сидіння :  30 см<br >Навантаження :  35 кг",503.653.61,49.0,1.3,7.5,0,477.75,https://www.ikea.com/pl/pl/images/products/mammut-stolek-dzieciecy-do-wewnatrz-na-zewnatrz-pomaranczowy__0555036_pe660089_s5.jpg?f=s,True
70228325,https://www.ikea.com/pl/pl/p/resoe-lawa-ogrodowa-dla-dzieci-bejca-jasnobrazowa-70228325/,IKEA RESÖ Лавка садова дитяча світло-коричнева морилка,"<p>Завдяки дитячому столику для пікніка RESÖ діти мають власну зону відпочинку та стіл у саду, що ідеально підходить для дітей віком від 3 років. Дитячий столик для пікніка — чудове місце, щоб перекусити, пограти в настільні ігри та весело провести час!</p><br> <strong> Інформація про Продукт</strong><br ><br>Щоб збільшити довговічність і можливість насолодитися природним виглядом деревини, меблі попередньо покриті шаром напівпрозорої морилки.<br ><br><strong> Дизайнер</strong><br >IKEA зі Швеції<br><br><strong>Матеріали</strong><br >масив акації, акрилова морилка<br >Догляд<br >Найкращий спосіб продовжити термін служби дерев’яних садових меблів – це регулярно чистити їх, не залишати на вулиці без захисту довше, ніж це необхідно, і регулярно фарбувати.<br >Czyszczenie: łagodnym roztworem mydła. Wytrzyj do sucha czystą, suchą szmatką.<br >Konserwacja: By zabezpieczyć powierzchnię przed wysychaniem, popękaniem i przedostaniem się wilgoci do drewna zalecamy regularne ponowne bejcowanie mebli, np. raz lub dwa razy w roku.<br><br><strong>Розміри</strong><br><br>Довжина :  92 см<br >Ширина :  89 см<br >Висота :  49 см",702.283.25,199.0,1.3,7.5,0,1940.25,https://www.ikea.com/pl/pl/images/products/resoe-lawa-ogrodowa-dla-dzieci-bejca-jasnobrazowa__0736459_pe740547_s5.jpg?f=s,False
89329466,https://www.ikea.com/pl/pl/p/trofast-regal-z-pojemnikami-bialy-szary-s89329466/,"IKEA TROFAST Стелаж з ящиками, білий / сірий,","<p>Дітям потрібне місце для ігор - і гарне місце для зберігання іграшок, наприклад TROFAST - серія міцних дерев'яних рам і легких пластикових контейнерів, які дитина може легко висунути, пересунути і поставити назад.</p><br> <strong> Інформація про Продукт</strong><br ><br>Весела та довговічна серія меблів для зберігання та впорядкування іграшок.<br >Каркас має напрямні, тож ви можете вставляти ящики та полиці, де завгодно, і змінювати їх положення в будь-який момент.<br >Економить місце; практичне використання на невеликих площах<br ><br><strong> Дизайнер</strong><br >Копенгагенська студія<br><br><strong>Матеріали</strong><br >рамка<br >Зносний шар:<br >ДСП, Паперова фольга, Пластикова кромка<br >Направляюча шухляда:<br >Поліпропіленовий пластик<br >Контейнер<br >Поліпропіленовий пластик<br >Догляд<br >Контейнер<br >Протріть тканиною, змоченою м’яким миючим засобом.<br >Протріть сухою тканиною.<br><br><strong>Розміри</strong><br><br>Ширина :  46 см<br >Глибина :  30 см<br >Зріст :  145 см",893.294.66,299.0,1.3,7.5,0,2915.25,https://www.ikea.com/pl/pl/images/products/trofast-regal-z-pojemnikami-bialy-szary__0807803_pe770529_s5.jpg?f=s,True
10424353,https://www.ikea.com/pl/pl/p/vimund-dzieciece-krzeslo-biurowe-jasnorozowy-10424353/,"IKEA VIMUND Дитяче офісне крісло, світло-рожевий","<p>Ергономічне молодіжне крісло має гнучку спинку та регульовану глибину та висоту сидіння, що означає, що його можна ідеально адаптувати до потреб дитини.</p><br> <strong> Інформація про Продукт</strong><br ><br>Безпечні ролики оснащені гальмівним механізмом, що реагує на тиск, який утримує крісло на місці, коли ви встаєте, і автоматично відпускається, коли ви сідаєте.<br >Чохол легко підтримувати в чистоті, оскільки його можна зняти і прати в пральній машині.<br >Відрегулювати крісло можна за допомогою позначки на втулці хрестовини.<br ><br><strong> Дизайнер</strong><br >IKEA зі Швеції<br><br><strong>Матеріали</strong><br >Покриття:<br >100% поліестер<br >Спинка / Сидіння:<br >Багатошаровий клеєний шпон<br >Відступ:<br >100% поліпропілен<br >Наповнення, спина:<br >Пінополіуретан 25 кг / м3<br >Каркас спинки:<br >сталь, епоксидне/поліефірне порошкове покриття<br >Піна, сидіння:<br >Пінополіуретан 35 кг / м3<br >Пневматичний циліндр:<br >сталь, ацетальпластик, епоксидне/поліефірне порошкове покриття<br >Підставка для ніг:<br >stal, Tworzywo polipropylenowe, Epoksydowa/poliestrowa powłoka proszkowa<br >Krzyżak:<br >Tworzywo polipropylenowe, stal, Epoksydowa/poliestrowa powłoka proszkowa<br >Kółka:<br >Tworzywo polipropylenowe<br >Pielęgnacja<br >Zdejmowane pokrycie<br >Prać w pralce maks. 40°C program normalny.<br >Prać osobno<br >Nie wybielać.<br >Nie suszyć w suszarce bębnowej.<br >Nie prasować.<br >Nie prać chemicznie.<br >Rama<br >Wycierać czystą, suchą szmatką.<br >Czyścić miękką szmatką zwilżoną w wodzie.<br><br><strong>Розміри</strong><br><br>Випробувано :  110 кг<br >Ширина :  62 см<br >- Глибина :  59 см<br >Максимальна висота :  86 см<br >Ширина сидіння :  41 см<br >Глибина сидіння :  37 см<br >Мінімальна висота сидіння :  38 см<br >Максимальна висота сидіння :  51 см",104.243.53,299.0,1.3,7.5,0,2915.25,https://www.ikea.com/pl/pl/images/products/vimund-dzieciece-krzeslo-biurowe-jasnorozowy__0726691_pe735388_s5.jpg?f=s,True
29478732,https://www.ikea.com/pl/pl/p/trofast-regal-z-pojemnikami-bialy-ciemnoszary-s29478732/,"IKEA TROFAST Книжкова шафа з ящиками, білий / темно-сірий,","<p>Навіть підліткам потрібно гарне і просторе місце для зберігання речей. За допомогою серії TROFAST ви можете створити круте рішення, яке полегшить організацію та утримання великих і малих предметів у порядку.</p><br> <strong> Інформація про Продукт</strong><br ><br>З рамами та сітчастими контейнерами серії TROFAST ви можете налаштувати рішення для зберігання, яке подбає про великі та маленькі предмети навіть в інших частинах вашого дому.<br >Це міцне та містке рішення для зберігання дозволяє вашій дитині легко організувати та підтримувати все в порядку.<br >Ці сітчасті ящики для зберігання мають повсякденний вигляд і добре впишуться в кімнату підлітка.<br><br><strong>Матеріали</strong><br >рамка<br >Зносний шар:<br >ДСП, Паперова фольга, Пластикова кромка<br >Направляюча шухляда:<br >Поліпропіленовий пластик<br >Сітчастий ящик<br >сталь, епоксидне/поліефірне порошкове покриття<br >Догляд<br >Протріть тканиною, змоченою м’яким миючим засобом.<br >Протріть сухою тканиною.<br><br><strong>Розміри</strong><br><br>Ширина :  46 см<br >Зріст :  145 см<br >Глибина :  30 см",294.787.32,399.0,1.3,7.5,0,3890.250000000001,https://www.ikea.com/pl/pl/images/products/trofast-regal-z-pojemnikami-bialy-ciemnoszary__1087946_pe860961_s5.jpg?f=s,True
69430130,https://www.ikea.com/pl/pl/p/smastad-platsa-szafa-bialy-bladoturkusowy-s69430130/,"IKEA SMÅSTAD / PLATSA Шафа, білий / ніжно-бірюзовий,","<p>У комплект входять регульовані ніжки, завдяки яким він стійко стоїть навіть на нерівній підлозі.</p><br> <strong> Інформація про Продукт</strong><br ><br><br><br><strong>Матеріали</strong><br >Корпус / полку<br >ДВП, паперова фольга, ДСП, стільниковий папір (100% перероблений)<br >Двері/стільниця модуля зберігання<br >ДВП, акрилова фарба<br >Висувна рейка для кошиків<br >Основні частини:<br >сталь, епоксидне/поліефірне порошкове покриття<br >Коло:<br >ацетальний матеріал<br >Петлі, що самозакриваються<br >Петля:<br >сталь, плакована міддю<br >Пристрій плавного закривання:<br >ацетальний матеріал<br >Кошик/рейка для підвішування<br >сталь, епоксидне/поліефірне порошкове покриття<br >Регульована ніжка<br >stal, Tworzywo polipropylenowe, galwanizowane<br >Haczyk i zacisk<br >stal, Epoksydowa/poliestrowa powłoka proszkowa, Epoksydowa/poliestrowa powłoka proszkowa<br >Regulowany drążek ubraniowy<br >Rurka:<br >stal, Epoksydowa/poliestrowa powłoka proszkowa<br >Połączenie:<br >Tworzywo polipropylenowe<br >Mocowanie hamujące:<br >guma syntetyczna<br><br><strong>Розміри</strong><br><br>- Глибина :  57 см<br >Зріст :  123 см<br >Ширина :  60 см",694.301.30,554.0,1.3,7.5,0,5401.5,https://www.ikea.com/pl/pl/images/products/smastad-platsa-szafa-bialy-bladoturkusowy__0922435_pe788179_s5.jpg?f=s,False
99428277,https://www.ikea.com/pl/pl/p/smastad-platsa-szafa-bialy-bialy-z-2-drazkami-na-ubrania-s99428277/,"IKEA SMÅSTAD / PLATSA Шафа, білий, білий / з 2 штангами для одягу,","<p>Дитина може використовувати цю шафу протягом багатьох років, оскільки вона досить глибока, щоб вмістити дорослі вішалки, і має аксесуари, які можна переміщати, коли дитина росте.</p><br> <strong> Інформація про Продукт</strong><br ><br><br><br><strong>Матеріали</strong><br >Корпус / полку<br >ДВП, паперова фольга, ДСП, стільниковий папір (100% перероблений)<br >двері<br >ДВП, акрилова фарба<br >Петлі, що самозакриваються<br >Петля:<br >сталь, плакована міддю<br >Пристрій плавного закривання:<br >ацетальний матеріал<br >Haczyk i zacisk<br >stal, Epoksydowa/poliestrowa powłoka proszkowa, Epoksydowa/poliestrowa powłoka proszkowa<br >Noga regulowana<br >stal, Tworzywo polipropylenowe, galwanizowane<br >Regulowany drążek ubraniowy<br >Rurka:<br >stal, Epoksydowa/poliestrowa powłoka proszkowa<br >Połączenie:<br >Tworzywo polipropylenowe<br >Mocowanie hamujące:<br >guma syntetyczna<br >Szyna do zawieszania<br >stal, Epoksydowa/poliestrowa powłoka proszkowa<br><br><strong>Розміри</strong><br><br>- Глибина :  57 см<br >Зріст :  181 см<br >Ширина :  60 см",994.282.77,630.0,1.3,7.5,0,6142.5,https://www.ikea.com/pl/pl/images/products/smastad-platsa-szafa-bialy-bialy-z-2-drazkami-na-ubrania__0925744_pe788857_s5.jpg?f=s,False
